-1.000000000000000000e+00,8.147279160904100093e-02,7.481022082799561324e-02,7.829863985065696474e-02,9.271123225389829581e-02,1.115025214674777998e-01,1.140263562759986637e-01,1.139912324443200370e-01,1.225946864091986138e-01,1.333906611782651186e-01,1.364393336343452112e-01,1.329834160383023545e-01,1.376623058246426168e-01,1.366547397947178999e-01,1.349360051869004096e-01,1.407015231620253326e-01,1.416208079677247489e-01,1.475934925206877912e-01,1.498174930472491173e-01,1.457182319076833210e-01,1.341827273820714317e-01,-1.000000000000000000e+00,-1.000000000000000000e+00,-1.000000000000000000e+00,-1.000000000000000000e+00,-1.000000000000000000e+00,-1.000000000000000000e+00,-1.000000000000000000e+00,-1.000000000000000000e+00,-1.000000000000000000e+00,-1.000000000000000000e+00,-1.000000000000000000e+00,-1.000000000000000000e+00,-1.000000000000000000e+00,-1.000000000000000000e+00,-1.000000000000000000e+00,-1.000000000000000000e+00,-1.000000000000000000e+00,-1.000000000000000000e+00,-1.000000000000000000e+00,-1.000000000000000000e+00,-1.000000000000000000e+00,-1.000000000000000000e+00,-1.000000000000000000e+00,-1.000000000000000000e+00,-1.000000000000000000e+00,-1.000000000000000000e+00,-1.000000000000000000e+00,-1.000000000000000000e+00,-1.000000000000000000e+00,-1.000000000000000000e+00,-1.000000000000000000e+00,-1.000000000000000000e+00,-1.000000000000000000e+00,-1.000000000000000000e+00,-1.000000000000000000e+00,-1.000000000000000000e+00,-1.000000000000000000e+00,-1.000000000000000000e+00,-1.000000000000000000e+00,-1.000000000000000000e+00,-1.000000000000000000e+00,-1.000000000000000000e+00,-1.000000000000000000e+00,-1.000000000000000000e+00,-1.000000000000000000e+00
-1.000000000000000000e+00,9.739485653187245073e-02,8.406223593814332595e-02,8.147843760827246096e-02,9.712364731232535353e-02,1.117132820236220458e-01,1.119139771284535373e-01,1.131700152352142774e-01,1.214589138288663384e-01,1.304908975693938877e-01,1.299197660912271290e-01,1.233795678698428461e-01,1.236302737755034103e-01,1.296935431331024680e-01,1.427020510187135549e-01,1.566778842816876904e-01,1.556224829473215054e-01,1.513363544418692141e-01,1.492954115982527419e-01,1.478567976872639522e-01,1.348666541547125508e-01,1.206340062383966794e-01,1.138672961613965695e-01,1.151908886614354255e-01,1.239780909632411804e-01,1.324364056090774899e-01,1.368666306175202185e-01,1.337695803762386504e-01,1.242103698478115720e-01,1.200633075425376339e-01,1.234437835358039026e-01,1.267730970419315428e-01,1.275796506485074033e-01,1.285617358642760222e-01,1.317782476940430048e-01,1.335267134146036205e-01,1.363530425832283066e-01,1.420357451284326999e-01,1.419447756606137256e-01,1.365749742820695500e-01,1.289891108616322835e-01,1.274970480516721127e-01,1.352780219630266012e-01,1.393382968420191215e-01,1.353342555516253709e-01,1.326556450810761345e-01,1.325612940455756783e-01,1.279928109069832509e-01,1.385687414546579177e-01,1.572805255789615497e-01,1.630412823518083421e-01,1.549926797135596224e-01,1.435098642302540528e-01,1.402498859758429250e-01,1.441713202200176347e-01,1.476153528068185061e-01,1.464342260796933359e-01,-1.000000000000000000e+00,-1.000000000000000000e+00,-1.000000000000000000e+00,-1.000000000000000000e+00,-1.000000000000000000e+00,-1.000000000000000000e+00,-1.000000000000000000e+00,-1.000000000000000000e+00,-1.000000000000000000e+00
-1.000000000000000000e+00,1.213015461943572626e-01,1.056986978449045711e-01,9.872030777650128708e-02,9.562179936795300872e-02,1.078207606201116303e-01,1.145407294837506723e-01,1.193436505058519947e-01,1.226077213060391552e-01,1.191438977059841725e-01,1.193468575404341703e-01,1.216192197156766158e-01,1.210769539792821703e-01,1.228024892124142398e-01,1.354003003351725298e-01,1.487557476768024411e-01,1.475191281902749896e-01,1.427297228541988539e-01,1.448749139344651105e-01,1.478656852939304600e-01,1.402858150552064587e-01,1.308961007681876398e-01,1.230206926847984550e-01,1.174330700558149226e-01,1.220889626033989372e-01,1.360933175405302509e-01,1.467984852841354437e-01,1.376641611694797152e-01,1.212270073889635952e-01,1.212332961306461926e-01,1.261177949226345296e-01,1.252106951949061020e-01,1.237990386271726889e-01,1.273128172655348667e-01,1.329363373581011476e-01,1.382637519728852071e-01,1.397728573960992371e-01,1.380104436985591931e-01,1.362497142123001159e-01,1.372635104045744348e-01,1.297631598950629295e-01,1.290761462038909901e-01,1.373272257009205966e-01,1.425737692007277846e-01,1.372526437351224982e-01,1.329026411534789398e-01,1.327955059670405669e-01,1.337334112529866836e-01,1.391394831407865573e-01,1.468289191886373024e-01,1.513261276860509430e-01,1.483931399518720884e-01,1.445301900382923999e-01,1.429042145731152236e-01,1.407737388514087029e-01,1.421101351493750664e-01,1.455482949516169466e-01,1.463698855245388619e-01,1.436151385150971627e-01,1.447260111432803198e-01,1.472018976323305750e-01,1.412478082988825601e-01,1.362795059916218632e-01,1.329660026299268050e-01,1.277043935789252127e-01,1.258287056665437498e-01
-1.000000000000000000e+00,1.493273549888293750e-01,1.336282244219159088e-01,1.249251764018900895e-01,1.158546981675262488e-01,1.210697449829069988e-01,1.304202261020772080e-01,1.359651755215206259e-01,1.326016578864413209e-01,1.253242162442957941e-01,1.259616384312646220e-01,1.261744352754691212e-01,1.255042544053614484e-01,1.262408481728800047e-01,1.173331355970397699e-01,1.262416984318183166e-01,1.301004372877500037e-01,1.270897843113271974e-01,1.296130198488747998e-01,1.355943738865791059e-01,1.398580312395425185e-01,1.396025536583381799e-01,1.321183292037717283e-01,1.246690913016135216e-01,1.304719843915197186e-01,1.405586610214586141e-01,1.412058355169694412e-01,1.325030988331141191e-01,1.274265578206764948e-01,1.307670524893844444e-01,1.314845121771467118e-01,1.272452003197680204e-01,1.240999031313902851e-01,1.261910895138761979e-01,1.361950049757392756e-01,1.391842730702070874e-01,1.439185385817049745e-01,1.468066300908559552e-01,1.354992674992537005e-01,1.287901661709930090e-01,1.281564366596079918e-01,1.317275818490812045e-01,1.357235488462443240e-01,1.390668101360442999e-01,1.373568602648994053e-01,1.360084706784177866e-01,1.357013485662441066e-01,1.384962707034696761e-01,1.432824580554463156e-01,1.412741676144872449e-01,1.411887609098283480e-01,1.412637626907079780e-01,1.425206163260859249e-01,1.434399471116174218e-01,1.426070932582889084e-01,1.456143827692066572e-01,1.421372193729076028e-01,1.340801426562120147e-01,1.311107869475062193e-01,1.378909479488443224e-01,1.454419177503559202e-01,1.366174755341488523e-01,1.301412189256985763e-01,1.331874860458777676e-01,1.244596660512143488e-01,1.159184520217450692e-01
-1.000000000000000000e+00,1.659549845760939779e-01,1.515304161854980902e-01,1.354637486722848616e-01,1.224454085820517735e-01,1.221805900140954665e-01,1.307066564025048117e-01,1.381088453180240316e-01,1.460338230031448525e-01,1.490221269934465520e-01,1.451054623356731466e-01,1.407058495228005746e-01,1.438662072651381574e-01,1.463162171687602542e-01,1.326617864946255942e-01,1.252758619070306612e-01,1.217578379259371263e-01,1.160645859635811433e-01,1.177186951711559765e-01,1.240512836474960551e-01,1.288850261404284603e-01,1.281543786988929845e-01,1.261745044987773179e-01,1.347729169258644333e-01,1.439241605080363862e-01,1.468201246122725623e-01,1.416807316598425182e-01,1.352333210137401653e-01,1.388029608889335964e-01,1.397400826828471831e-01,1.366718004149742038e-01,1.315311258644979442e-01,1.265628630688067913e-01,1.238260701273939945e-01,1.191748993849109650e-01,1.264915209788965433e-01,1.545693947079301855e-01,1.752021801810003943e-01,1.541205156728481240e-01,1.351989344593117204e-01,1.290446690247817330e-01,1.289050311296500162e-01,1.309413811745122613e-01,1.330857730458143984e-01,1.366510428381326192e-01,1.380093054108524619e-01,1.372167783139053021e-01,1.378010889787049109e-01,1.390513266072499476e-01,1.384493868159247798e-01,1.416210304883559201e-01,1.438459285619179129e-01,1.432382332255975887e-01,1.424763938959172915e-01,1.444663282115113689e-01,1.449066527775821067e-01,1.368622661662192430e-01,1.266585189782391818e-01,1.245019892111551701e-01,1.338704145658633216e-01,1.426590443390449159e-01,1.322433361390168149e-01,1.227180578939614242e-01,1.269623317918463778e-01,1.205933719534935805e-01,1.159724909740047494e-01
-1.000000000000000000e+00,1.658371898001807510e-01,1.489809703695891274e-01,1.317092566926964248e-01,1.224406299846040880e-01,1.247427103991901459e-01,1.311530207022811312e-01,1.402160428192861519e-01,1.587294935891442049e-01,1.636081071502064888e-01,1.547468285965591384e-01,1.492125461157116639e-01,1.532771085888387230e-01,1.511298620697865136e-01,1.383580766521766703e-01,1.306041914946758087e-01,1.286755824955883587e-01,1.181819141106818238e-01,1.155224063695181463e-01,1.163406369451470274e-01,1.190056183890072228e-01,1.225379495958885540e-01,1.317860589961729334e-01,1.476516976496947964e-01,1.504353770857883299e-01,1.447303028581053974e-01,1.392800391938938398e-01,1.416762091345581953e-01,1.514118651634455692e-01,1.515768759853469150e-01,1.447227332737895389e-01,1.361587578773125196e-01,1.281272760300004865e-01,1.274844844532726784e-01,1.195895752220075131e-01,1.225457786200395832e-01,1.450925515623713302e-01,1.807725639420374175e-01,1.818380470959228001e-01,1.535018210554530138e-01,1.273746424094777119e-01,1.216727993888819109e-01,1.263118259430072166e-01,1.330509461348805267e-01,1.352327687700428660e-01,1.357743011802849398e-01,1.366572734014452062e-01,1.366189349539958797e-01,1.385893439150164830e-01,1.391901023592668485e-01,1.422409251138539166e-01,1.455672681294251647e-01,1.442445980371612479e-01,1.426574197946369194e-01,1.455386653337878422e-01,1.437789768857380412e-01,1.317983341173707967e-01,1.167115822433572175e-01,1.245279582187088369e-01,1.495648595857792806e-01,1.507966855935758965e-01,1.350791107025239579e-01,1.259166454157833459e-01,1.208787779376008925e-01,1.250839040759007814e-01,1.242811095728104526e-01
-1.000000000000000000e+00,1.524445981507465131e-01,1.433180928581112012e-01,1.295159031136515204e-01,1.247680473787980970e-01,1.284304138597134604e-01,1.331658855624175686e-01,1.423597547823536036e-01,1.528091523706287536e-01,1.496619091344267294e-01,1.415678961975953831e-01,1.434838769252870516e-01,1.499335560568520465e-01,1.498426812267921460e-01,1.454498895301575834e-01,1.452567304260867498e-01,1.522048936537589992e-01,1.425479787768546558e-01,1.248328763497365962e-01,1.145429923793013505e-01,1.177050570474309638e-01,1.263727675936271999e-01,1.331692579957470535e-01,1.413350929025170566e-01,1.378893626430766073e-01,1.286064359457452788e-01,1.285725906026726206e-01,1.416250344922387605e-01,1.537520831451883729e-01,1.529627506848815210e-01,1.425560146072297474e-01,1.343385505817953351e-01,1.269071149780288121e-01,1.317549387144909823e-01,1.274046438678025639e-01,1.247753029846639800e-01,1.531815793515099167e-01,2.177261556918813346e-01,2.163488608641330746e-01,1.642298137973876582e-01,1.223572811238163721e-01,1.147504424998583711e-01,1.163932502502972172e-01,1.304002709586291053e-01,1.410025152858159769e-01,1.437065989084232720e-01,1.415466808704269885e-01,1.366776806383290521e-01,1.387521747429590890e-01,1.400195918090083869e-01,1.421352153630390247e-01,1.432925912402968072e-01,1.429514232307194654e-01,1.446526923590469305e-01,1.464624703056372490e-01,1.437637430337684319e-01,1.350447233835227190e-01,1.271001238890292762e-01,1.467925767195601972e-01,1.699035074041465587e-01,1.669144665927072002e-01,1.505033897810700294e-01,1.418806700893167627e-01,1.257712779729533992e-01,1.253910049305343999e-01,1.302321823914631693e-01
-1.000000000000000000e+00,1.405247418557236672e-01,1.383302518322620800e-01,1.274718982376574772e-01,1.176773881447678444e-01,1.182371691433309335e-01,1.319502436155942926e-01,1.408676300756757649e-01,1.422825032459965888e-01,1.398941978080628645e-01,1.393015954978706339e-01,1.362356982149502960e-01,1.431338817453959578e-01,1.491388540999766810e-01,1.509076905938517010e-01,1.553970625700873964e-01,1.634735887817514999e-01,1.491488828740656358e-01,1.295233634370948350e-01,1.201031156328972727e-01,1.246872385019189428e-01,1.366832307304784166e-01,1.377565834771956321e-01,1.368831148972606826e-01,1.324261393399069342e-01,1.266562424248723895e-01,1.245035694700509787e-01,1.347074586856608636e-01,1.458984723132651373e-01,1.449551278273841781e-01,1.351643821680211521e-01,1.304224204458151182e-01,1.287849514090563807e-01,1.343963671637926627e-01,1.327528594648867133e-01,1.324171061303872354e-01,1.641329530331294140e-01,2.160829373842621248e-01,2.310463034902289214e-01,1.988063503829022305e-01,1.433269292415245422e-01,1.158786994747657978e-01,1.094393078629877364e-01,1.253743461517513313e-01,1.391228018587810922e-01,1.405656793137413096e-01,1.386373171344814081e-01,1.331135808915093477e-01,1.324376950835927935e-01,1.362311940387994080e-01,1.411030732544966693e-01,1.407418898582389333e-01,1.430668026764903566e-01,1.450983358805785217e-01,1.468415803889173143e-01,1.457492156924943827e-01,1.426374820929166565e-01,1.401333861174262896e-01,1.545999957273097580e-01,1.780837263270467208e-01,1.869776522118513917e-01,1.627922569134063746e-01,1.449784899215441902e-01,1.272558389732033612e-01,1.195352555896055796e-01,1.238861884769343613e-01
-1.000000000000000000e+00,1.351583734508282064e-01,1.335317807172745064e-01,1.231530376219881623e-01,1.154965390986546353e-01,1.191925098453125581e-01,1.271720220057205308e-01,1.321018104304473029e-01,1.318844707371698011e-01,1.297790983701212486e-01,1.277177711277579231e-01,1.327529831630954726e-01,1.463195697768625847e-01,1.518453048216199808e-01,1.506596127956046915e-01,1.606718845857371958e-01,1.730969316815334780e-01,1.641418260063856882e-01,1.442137833680468273e-01,1.298473246918668556e-01,1.317326653171308481e-01,1.421768614209811266e-01,1.430439508647979308e-01,1.384037273551882163e-01,1.319523331397657595e-01,1.239590055149951964e-01,1.287015083610464350e-01,1.377653147812107903e-01,1.392716289421829512e-01,1.352110347824473646e-01,1.347141035316377355e-01,1.394085886003968988e-01,1.421202440902923636e-01,1.434074681653629557e-01,1.449085280641474738e-01,1.478826536805569469e-01,1.677301553735470185e-01,2.042096399534845674e-01,2.289942587583811973e-01,2.006210399817739964e-01,1.462190101022524669e-01,1.200986830656937676e-01,1.160281462096720839e-01,1.260779198947838686e-01,1.365894167229410316e-01,1.380068861828419591e-01,1.372563919978968539e-01,1.341954232454426743e-01,1.309698233176960214e-01,1.322256254210439352e-01,1.407852518330157399e-01,1.417642827241625825e-01,1.448091636393646353e-01,1.483935266038372836e-01,1.493843537244936015e-01,1.448209866448543770e-01,1.466467804142183862e-01,1.469710572794900583e-01,1.555787404975256250e-01,1.707833248758892919e-01,1.765687268498120632e-01,1.453223186946593914e-01,1.215604195053570785e-01,1.135318072746222678e-01,1.122071116125933909e-01,1.144890254486900377e-01
1.243543358698598472e-01,1.319781698429760564e-01,1.333657676046807183e-01,1.235459166035345613e-01,1.176901554603186212e-01,1.205128832296628177e-01,1.274161732849257156e-01,1.317980771495601000e-01,1.292207534807526814e-01,1.258274743059143441e-01,1.209335882963058356e-01,1.398206057516611367e-01,1.572502669294407185e-01,1.521503207537251157e-01,1.496658659299744676e-01,1.645186704113172083e-01,1.800517981045360594e-01,1.784069372235028983e-01,1.633666241919703166e-01,1.489564811819579226e-01,1.375920308038707518e-01,1.387035531245360276e-01,1.415813663537762723e-01,1.399687361620451098e-01,1.345782318335594918e-01,1.304640628504125655e-01,1.351710793422490897e-01,1.373500987953822638e-01,1.363397102683792106e-01,1.363622192639996067e-01,1.433014880192596818e-01,1.524925084778396556e-01,1.509856105628764045e-01,1.436077696254372538e-01,1.454458540467859495e-01,1.412099205740220687e-01,1.560598959551568743e-01,1.973041522919882496e-01,2.162967929598880457e-01,1.866299123116173797e-01,1.518865247576065280e-01,1.265173851652650616e-01,1.207845669226496887e-01,1.299372916736633021e-01,1.383490203177461519e-01,1.390373337671024501e-01,1.366832307304784722e-01,1.341350102169058811e-01,1.333107793543403530e-01,1.351648789503154258e-01,1.429116178967888562e-01,1.446648998045288737e-01,1.470801062459864139e-01,1.501767116646623157e-01,1.530901408343073034e-01,1.516420507076753355e-01,1.560980757931892393e-01,1.597376456858917437e-01,1.612286942796488931e-01,1.610916010959887179e-01,1.597255932812812751e-01,1.323417564599798646e-01,1.178044182324816530e-01,1.163044110195459863e-01,1.164386286858142133e-01,1.213261293603951352e-01
1.162711352284774569e-01,1.211919888404066059e-01,1.302407853867136589e-01,1.278149824328967399e-01,1.234538747583889401e-01,1.254262873147258261e-01,1.316260218776715563e-01,1.339585983011843118e-01,1.292370405512490716e-01,1.334263874154121843e-01,1.315545289045628174e-01,1.500270478077210257e-01,1.689646719764709426e-01,1.661138903271840161e-01,1.564768091523142113e-01,1.585316066492384046e-01,1.687576771388284436e-01,1.761347317554954328e-01,1.734015254541270146e-01,1.700373535683231685e-01,1.554533398923437226e-01,1.456996805293868380e-01,1.401680203014265824e-01,1.362986911153699632e-01,1.343492000603609959e-01,1.388724798837385477e-01,1.390268861818114432e-01,1.368110280079639640e-01,1.368990150200751210e-01,1.390117701186615873e-01,1.448744329700079325e-01,1.538698204837407602e-01,1.522120776287275712e-01,1.417968837051249431e-01,1.437298401488849853e-01,1.466959626559026786e-01,1.555311542711374784e-01,1.680768011018234365e-01,1.759200814069883101e-01,1.680879385591121933e-01,1.521673791401065845e-01,1.322987631820329302e-01,1.221845304638915358e-01,1.217812436529559922e-01,1.273495565754279302e-01,1.320085184905329112e-01,1.294513344096506480e-01,1.285710813809099740e-01,1.333019728116456304e-01,1.364603375409955965e-01,1.415316067787592835e-01,1.496669381333405324e-01,1.530253465451711370e-01,1.515087603369527913e-01,1.547400538287746208e-01,1.581366264407844113e-01,1.613914068925593748e-01,1.622321422611175401e-01,1.584147597786861317e-01,1.506100852438989890e-01,1.502722703141250171e-01,1.327811409113195673e-01,1.233093124377183242e-01,1.213334260068855974e-01,1.187952617159095531e-01,1.276346884727877773e-01
1.182480426255637651e-01,1.248043888923722200e-01,1.290178104766003808e-01,1.324108430804223635e-01,1.314707785010084951e-01,1.305536226672150135e-01,1.315278516591755209e-01,1.335522145161575358e-01,1.293842267751546815e-01,1.344159659836226539e-01,1.367814959896236082e-01,1.466696724013724362e-01,1.629476706377480377e-01,1.705972614129503406e-01,1.661672934609861874e-01,1.635099424962176695e-01,1.654962415828414579e-01,1.704175693751770471e-01,1.710676363063418082e-01,1.776775161599106756e-01,1.665726772383921972e-01,1.491776475437017468e-01,1.399064463086542864e-01,1.407482388358083369e-01,1.399421211130016107e-01,1.388269727079466942e-01,1.372290228994480221e-01,1.362471309134496988e-01,1.368955754041638606e-01,1.405244607014037306e-01,1.445194142677347637e-01,1.516145456998847507e-01,1.554567859804628360e-01,1.454542155494354394e-01,1.390876480464064979e-01,1.427876673696923671e-01,1.504270234207654433e-01,1.604399521517365645e-01,1.665762153359865438e-01,1.546708234909905944e-01,1.405962751590373316e-01,1.284490803423120608e-01,1.215003262207432488e-01,1.219875900918029887e-01,1.199356971526808480e-01,1.137273793169531061e-01,1.123938852213777484e-01,1.198638636946929431e-01,1.314699831824353571e-01,1.317116365303500070e-01,1.329139506392319481e-01,1.375285443196311574e-01,1.417361914319119343e-01,1.473227323650413978e-01,1.506291744541927158e-01,1.515290672234640146e-01,1.492023533544811487e-01,1.445868395175813614e-01,1.319001998869848424e-01,1.171531161630449402e-01,1.156404390483791317e-01,1.154977836578643252e-01,1.199273115247198040e-01,1.258945967420222189e-01,1.245850772981689780e-01,1.289629780859161967e-01
1.223749956054385468e-01,1.341428429352861385e-01,1.352575744235618438e-01,1.354264268856882891e-01,1.336859772168491056e-01,1.291470461546873894e-01,1.263011541148834072e-01,1.330177018780416276e-01,1.307300301977999124e-01,1.313675685195178633e-01,1.343880251491245126e-01,1.412334769885267294e-01,1.485835997645260087e-01,1.536715954901698988e-01,1.662330121471694289e-01,1.784457698535276138e-01,1.834186185786661205e-01,1.758697213726869713e-01,1.708117931277142731e-01,1.694727812867528050e-01,1.613609926277085882e-01,1.487902897931735191e-01,1.406105745412096208e-01,1.397008523428189541e-01,1.463933558683125635e-01,1.494362841765057015e-01,1.437413179911416483e-01,1.391803421736135249e-01,1.362217923395535879e-01,1.390302681114430616e-01,1.404775529490508712e-01,1.418553684496981770e-01,1.456675257643605670e-01,1.356845228434835071e-01,1.299891863060046449e-01,1.326193824426222245e-01,1.409028443719164414e-01,1.486801263895471126e-01,1.518255162995913454e-01,1.434164122390407248e-01,1.303335148707870095e-01,1.196119952300207095e-01,1.180718550934724415e-01,1.233697016297437971e-01,1.203602945430684024e-01,1.158631521612854126e-01,1.157790911396378158e-01,1.203556910779928074e-01,1.299875820824000217e-01,1.232537037790660400e-01,1.164250251280050386e-01,1.097113627434367911e-01,1.075387538108526775e-01,1.189102602312301082e-01,1.287889542735386472e-01,1.264001811556402510e-01,1.210794252613951877e-01,1.168524118196484357e-01,1.003666541319311739e-01,9.353515815994425942e-02,9.786069474372077748e-02,1.083025753246780049e-01,1.212036413379323496e-01,1.290803579730736561e-01,1.273874479260254378e-01,1.288345676695618058e-01
1.264854247172935153e-01,1.423532730626253240e-01,1.453197120428938727e-01,1.420426688321621278e-01,1.401653956010045221e-01,1.389370881771181121e-01,1.354827982486943028e-01,1.393192860540566624e-01,1.334679084795969417e-01,1.287399977989978350e-01,1.333565708976054420e-01,1.418441219387512608e-01,1.387810114612041401e-01,1.394388097217107991e-01,1.582625440080740742e-01,1.854707457534532922e-01,1.985937579418350918e-01,1.863538253114442877e-01,1.798051360231163465e-01,1.765529525547358536e-01,1.697123048398348766e-01,1.573321848947440149e-01,1.454573287349517352e-01,1.375532740760397610e-01,1.413056510562901991e-01,1.453383332207366097e-01,1.426495137064171803e-01,1.401284988143041699e-01,1.362136745686368389e-01,1.368263594073885481e-01,1.367176765806128458e-01,1.370802771188999458e-01,1.437562945578896023e-01,1.391656635735234737e-01,1.343480741367374109e-01,1.341546469048115198e-01,1.380426348005404369e-01,1.391850358627572115e-01,1.371653389357925801e-01,1.316910234979009608e-01,1.264728029765671002e-01,1.221118941580483230e-01,1.218560385150551512e-01,1.237029479201130489e-01,1.206089726691049469e-01,1.176616340170280606e-01,1.167026451912785978e-01,1.097794792706063560e-01,1.113900274607998453e-01,1.090391941933794989e-01,9.680966016222669612e-02,8.399804558494203266e-02,8.541294759406312109e-02,1.000768077143135704e-01,1.115737195985999353e-01,1.137845753950118000e-01,1.127900059755265888e-01,1.116991772655197140e-01,1.014731456300233536e-01,1.045983964270157524e-01,1.094121853204672451e-01,1.130502623959999536e-01,1.197174088773381578e-01,1.219300444207554179e-01,1.258309625106915908e-01,1.291137601610037322e-01
1.353725661785092627e-01,1.488448565915894417e-01,1.544679831585415442e-01,1.520942977247201622e-01,1.497923816683895404e-01,1.485042362207584787e-01,1.397973534196289003e-01,1.409007830291780783e-01,1.349507660754617755e-01,1.299060528183231811e-01,1.341408105465825840e-01,1.403992095138283380e-01,1.329651971913400621e-01,1.389790464651939617e-01,1.586876281994647753e-01,1.775368656393386535e-01,1.955170319811887214e-01,1.959601630317507892e-01,1.942806270334627161e-01,1.912349203912289963e-01,1.826987775374260825e-01,1.657866009894516934e-01,1.515376562355068846e-01,1.397054082832797639e-01,1.348775139545809187e-01,1.333815310417267863e-01,1.367173841836595294e-01,1.429991899193061300e-01,1.454074429677859603e-01,1.417829828324627117e-01,1.359597927736272693e-01,1.355565161062914081e-01,1.384286873165920806e-01,1.322185716157917024e-01,1.269603648306611987e-01,1.295062080546781624e-01,1.359159566163991861e-01,1.341364521394143861e-01,1.273821975681951879e-01,1.242125662020015509e-01,1.252769325023234959e-01,1.238727716775643722e-01,1.270098315290001112e-01,1.248918822474611168e-01,1.168287492070834432e-01,1.126692196295017157e-01,1.092058492178921147e-01,1.000373073151430564e-01,1.032920207430140097e-01,1.096575916837548986e-01,1.058836165947193014e-01,9.561271600588518160e-02,1.005712429769676647e-01,1.072754272494453737e-01,1.088973930060124218e-01,1.105447443605650781e-01,1.204616258982584842e-01,1.251695147826414334e-01,1.267802244951887203e-01,1.294702438629385388e-01,1.300587750184550029e-01,1.250676792234517998e-01,1.254829373760008582e-01,1.274012887291817442e-01,1.317011900210109943e-01,1.325247633293258342e-01
1.505747917465761754e-01,1.668816976690475906e-01,1.714029895410043858e-01,1.675070765397997097e-01,1.629205803872927627e-01,1.645717239387841646e-01,1.583133974789635023e-01,1.542926230132920518e-01,1.495672819570134093e-01,1.456041377313125051e-01,1.415584927015300087e-01,1.426437650066157969e-01,1.387493182130985214e-01,1.417459128497863818e-01,1.526936270060164080e-01,1.727235505548998795e-01,1.958483168629471805e-01,2.041465226888550255e-01,2.059801275231124273e-01,2.038252568250761010e-01,1.967999598365753888e-01,1.830231803677704050e-01,1.610550696988906905e-01,1.443285163228079093e-01,1.375269063180570295e-01,1.307351029638450235e-01,1.391496766792359174e-01,1.480864887989592760e-01,1.468580139824766928e-01,1.385553142154899442e-01,1.333000317235516485e-01,1.300509299895501458e-01,1.287527766102161408e-01,1.239780909632411804e-01,1.182108644193287372e-01,1.196501657708230193e-01,1.253790032161310464e-01,1.239537076946717331e-01,1.216362272750932255e-01,1.235444096175625645e-01,1.272375836905944579e-01,1.256223201575415171e-01,1.305585054524047439e-01,1.302017915502343692e-01,1.233957685525158138e-01,1.162822878148948719e-01,1.048413256805069416e-01,9.869467262004297248e-02,1.065867528202740916e-01,1.195526712457029850e-01,1.219001593797876398e-01,1.222283566713892877e-01,1.287943501342288244e-01,1.242718828547714760e-01,1.116917436980194439e-01,1.094397291848722420e-01,1.264712228862021615e-01,1.350007674104175548e-01,1.314983954284917878e-01,1.296842617254782282e-01,1.348816350552893284e-01,1.315463901192433227e-01,1.304994074423391492e-01,1.337334112529867391e-01,1.386691764221083256e-01,1.402159772654844039e-01
1.691571921735679773e-01,1.740730288595173370e-01,1.798598658032667663e-01,1.881321478369371303e-01,1.775185136217632409e-01,1.818706000998332184e-01,1.774805144742647167e-01,1.686699534824966096e-01,1.627410651403408681e-01,1.607922286245168086e-01,1.602367772112067434e-01,1.580094614729404268e-01,1.593196594227909713e-01,1.663086175790445265e-01,1.698863081836181343e-01,1.742180055483081857e-01,1.868305468831812921e-01,2.007641924037311676e-01,2.112723834452782390e-01,2.142026059464714194e-01,2.099906059722974339e-01,1.969918897736442076e-01,1.769793925946679392e-01,1.599466931444457618e-01,1.503092098865061177e-01,1.488684509670335498e-01,1.528029773195154484e-01,1.510396785032008804e-01,1.473892075765390330e-01,1.459268663640292951e-01,1.373161178406654137e-01,1.201546262809679577e-01,1.191674077457480913e-01,1.205193692527551097e-01,1.147514738811160340e-01,1.152853540085831963e-01,1.210953593813746537e-01,1.221742063161653236e-01,1.231187278079945990e-01,1.280767851189575368e-01,1.327104026633535161e-01,1.318534439245696577e-01,1.336741443092369641e-01,1.322009302566903299e-01,1.302539102554876038e-01,1.319872683925759627e-01,1.205675651286302191e-01,1.094084339322133198e-01,1.131677953252486490e-01,1.277494609766137712e-01,1.314605989010905751e-01,1.307555243302934156e-01,1.339699139849777343e-01,1.263051636408805134e-01,1.125679413990511718e-01,1.138765757533034273e-01,1.284709443358591219e-01,1.463577461727612883e-01,1.485624517794536803e-01,1.378044909669748352e-01,1.391339531501944726e-01,1.369437493446218068e-01,1.349027490993272571e-01,1.332700630663997410e-01,1.335730802301805797e-01,1.413692137940925631e-01
1.779040365157552317e-01,1.780171262390014553e-01,1.801604340635336032e-01,1.897329723181555572e-01,1.869366719551369127e-01,1.887526263184715059e-01,1.875463386070718164e-01,1.835428774296613552e-01,1.794458274623907390e-01,1.758081274471071931e-01,1.727900493447938057e-01,1.728701622982129760e-01,1.862464862258365605e-01,2.061780820917792911e-01,2.057362507013093256e-01,1.987035996738936439e-01,2.153612351243093248e-01,2.384836305153362757e-01,2.425023560346851459e-01,2.375953192692906168e-01,2.259127584833408864e-01,2.086799123122783373e-01,1.941141549031285829e-01,1.843016613742283205e-01,1.772573020027084778e-01,1.706714062644421326e-01,1.572281203662551918e-01,1.463975880216331071e-01,1.462074549057360284e-01,1.499292579889345001e-01,1.421090789666626941e-01,1.314847392745746024e-01,1.226483073994112105e-01,1.136231012389051914e-01,1.176982651805826702e-01,1.193911075185174475e-01,1.220567985548321188e-01,1.236735398319596529e-01,1.248023336125237137e-01,1.306360614214013005e-01,1.384322485519366985e-01,1.411165385035337283e-01,1.359782910438366299e-01,1.316044592397129509e-01,1.349618820813419384e-01,1.424844635096777223e-01,1.434061412688929504e-01,1.351861357143698261e-01,1.255113892261281450e-01,1.268228591332052624e-01,1.295885462403640054e-01,1.307322633772438070e-01,1.315636185643581368e-01,1.302586173889296040e-01,1.290158997213101399e-01,1.258863862372223696e-01,1.313251681258781334e-01,1.488896414889560871e-01,1.555182508290281207e-01,1.409543654125066936e-01,1.373036703918140700e-01,1.346918426397421820e-01,1.317374888381355191e-01,1.268838686419558326e-01,1.264683520088110691e-01,1.380753292399564125e-01
1.691193574546943912e-01,1.767623462874721996e-01,1.840253902712503664e-01,1.859423263560063544e-01,1.811630930118486027e-01,1.906736066283613307e-01,2.036959272531123355e-01,2.032671801113150045e-01,1.989715292514782352e-01,1.951870480454743484e-01,1.897635232648305637e-01,1.919998753576135919e-01,2.092267116195416499e-01,2.240864427895948308e-01,2.265703578777454874e-01,2.286824011378940646e-01,2.461756172693860822e-01,2.622539018900936769e-01,2.601619366127989053e-01,2.499585658674156885e-01,2.366449319193664746e-01,2.211153655009637231e-01,2.080905594930556601e-01,2.011002774758875733e-01,1.959753619294848648e-01,1.880186476525369244e-01,1.748068772872913845e-01,1.607218737696624045e-01,1.511049331936728246e-01,1.447855056487216407e-01,1.374296832365291821e-01,1.345922601320167500e-01,1.298013375496453736e-01,1.155649435863052299e-01,1.276394254549926832e-01,1.268683228670698382e-01,1.249166024060230223e-01,1.255575556800038739e-01,1.242436747291973814e-01,1.303404363226036144e-01,1.403594795587380373e-01,1.379978658064430763e-01,1.288907077989240590e-01,1.306601345784298429e-01,1.368949218329588435e-01,1.399167141195128694e-01,1.403731802378825888e-01,1.410794589122474907e-01,1.402980307168894825e-01,1.316385553363366157e-01,1.316688941238163824e-01,1.343966455908300883e-01,1.340642345523011258e-01,1.308245033509993216e-01,1.288125176897232660e-01,1.338327374048746132e-01,1.365595255044983469e-01,1.412753178707707169e-01,1.488503445922569890e-01,1.443961950751188328e-01,1.429293530203120666e-01,1.400189842957312858e-01,1.370342106723071163e-01,1.365041960369543783e-01,1.382058164737910433e-01,1.397723424079350685e-01
1.705113131369284107e-01,1.766516206814914558e-01,1.876897677663341424e-01,1.845491275083708527e-01,1.861538619442393849e-01,1.977683795098469921e-01,2.039642350989240571e-01,2.036927265377708740e-01,2.109919998917626494e-01,2.126604201821584994e-01,2.066213695741365708e-01,2.083808806537720271e-01,2.254298523169554203e-01,2.309282476326244837e-01,2.342917694339108348e-01,2.444398083217905193e-01,2.568299282212887502e-01,2.602872885523448421e-01,2.572664360142201678e-01,2.496864899976651564e-01,2.381051159179279897e-01,2.226582157738150880e-01,2.110502568049139605e-01,2.057053250124419308e-01,2.003493555952682026e-01,1.942944357188580440e-01,1.895353969386204818e-01,1.791154968194798858e-01,1.548920025603494066e-01,1.415147948212930606e-01,1.316669564380942847e-01,1.314361958229598726e-01,1.357377783332216203e-01,1.319995275713130856e-01,1.456738289919236318e-01,1.456678621867829593e-01,1.362443717990467207e-01,1.302027208451596307e-01,1.265892210311489741e-01,1.322967562414427978e-01,1.387851174753061967e-01,1.374702111486915401e-01,1.336448588860844056e-01,1.370681499317689678e-01,1.386839818539012670e-01,1.350656078701488738e-01,1.337532239325560368e-01,1.392317418802280216e-01,1.362462472846033001e-01,1.305371637915818117e-01,1.355991186122183778e-01,1.406376671609900209e-01,1.377632537457330886e-01,1.340265142357694172e-01,1.331141068398624672e-01,1.452834998575131820e-01,1.530680804228221892e-01,1.503417888753565412e-01,1.520985104830948065e-01,1.523098289588622478e-01,1.538373278957840262e-01,1.536285209523728379e-01,1.511434925808106677e-01,1.476234401468558000e-01,1.395270316998190874e-01,1.340745261388002763e-01
1.676696739976312467e-01,1.775919140792787954e-01,1.793914374025343261e-01,1.795974074061648107e-01,1.920538072546955632e-01,2.073789252750531387e-01,2.109986026423077698e-01,2.102984025371137100e-01,2.151917911885452006e-01,2.157011992299777414e-01,2.117348768175202067e-01,2.113905635659099336e-01,2.212703148774225193e-01,2.262324199678280856e-01,2.348888081894151270e-01,2.467891297226323666e-01,2.543096314395600910e-01,2.516295094348362515e-01,2.473232108034602306e-01,2.426603659908816435e-01,2.346881461250461820e-01,2.299823339874804140e-01,2.262234957786112832e-01,2.145972241571740269e-01,2.026989043912718336e-01,2.002988308319239574e-01,2.060869254473612910e-01,2.031567834037407150e-01,1.797322434493212051e-01,1.605662188338679297e-01,1.495595683256464026e-01,1.459305666996929540e-01,1.438473126782930933e-01,1.516453426682664307e-01,1.535184386275799395e-01,1.445516495219984210e-01,1.364011389153528264e-01,1.358380100816830860e-01,1.359902681480857634e-01,1.356926651820882512e-01,1.330963632770407190e-01,1.338544853014217162e-01,1.348240193340030368e-01,1.378050493744808758e-01,1.395117189096400923e-01,1.378403825309603981e-01,1.364427261615598908e-01,1.373361665388316277e-01,1.279026419721248087e-01,1.305133629651945570e-01,1.413096942345069273e-01,1.458360284554957309e-01,1.384165763803866522e-01,1.392407116751327445e-01,1.419181642619142814e-01,1.530645423260428573e-01,1.595363351857361223e-01,1.512324390885239900e-01,1.535107081214392433e-01,1.592201698118512754e-01,1.654842621143154113e-01,1.671010621604333835e-01,1.619304240020049690e-01,1.605312099422112337e-01,1.501914951917543706e-01,1.351911955847215907e-01
1.678496322428691123e-01,1.821176196535104763e-01,1.799830018494241457e-01,1.742677270164954551e-01,1.819685746908199508e-01,2.009637696189720824e-01,2.097716080230622171e-01,2.109926799921515161e-01,2.112220715646304647e-01,2.080942886164214023e-01,2.020802783677317915e-01,1.983689801646404960e-01,2.018954280552041070e-01,2.138237805654874812e-01,2.258233361844043663e-01,2.313847144582647508e-01,2.392880701455703252e-01,2.420343379470456247e-01,2.450014393868266416e-01,2.394611808232475214e-01,2.315079666820153981e-01,2.327399308208069617e-01,2.265805176163998014e-01,2.229489103933274263e-01,2.243889294022693992e-01,2.268877129981092533e-01,2.320338287519792542e-01,2.254407957293485254e-01,2.083167338938978486e-01,1.875268854383530526e-01,1.697495943210599045e-01,1.657034909367693376e-01,1.583738541873105088e-01,1.628978318104485068e-01,1.556513164359558665e-01,1.409997694490780773e-01,1.289041178249832331e-01,1.262669614921202721e-01,1.276969052773775926e-01,1.231509457216498765e-01,1.208986742172641488e-01,1.302112247528044719e-01,1.333469396081921610e-01,1.377206628071149519e-01,1.366464686069525925e-01,1.342988231893029460e-01,1.364803086770921547e-01,1.337758478299009568e-01,1.283809494525894879e-01,1.324363802796201250e-01,1.389328749884357894e-01,1.410916308576463107e-01,1.315158838457248514e-01,1.329411204286659043e-01,1.407931460630293674e-01,1.543625103552929145e-01,1.665592605825267913e-01,1.586209874599139869e-01,1.603808457614014638e-01,1.661837514949994765e-01,1.711120079703757624e-01,1.712482783678189735e-01,1.657086466214735543e-01,1.655318501916122342e-01,1.558632164926291586e-01,1.412175933022366825e-01
1.724496429334128889e-01,1.842306217661395518e-01,1.822362628649000227e-01,1.762426379472475380e-01,1.758599562115194526e-01,1.819821070797683349e-01,1.928630117519247456e-01,1.999265100994136457e-01,2.066773438463695711e-01,2.091726636454075972e-01,1.972645704459573546e-01,1.900370959995436870e-01,1.903812991661297527e-01,2.024909966258912897e-01,2.136483835733768710e-01,2.163149667206468452e-01,2.211991227591515452e-01,2.265551359444320512e-01,2.336381105560222937e-01,2.362806497190989563e-01,2.324965152923087752e-01,2.362262308009789868e-01,2.372325212502981451e-01,2.491940604866642872e-01,2.605457690586904795e-01,2.582125899244199219e-01,2.608485831542106115e-01,2.445123505583900736e-01,2.300294638426585436e-01,2.126570776611538816e-01,1.910350692071001721e-01,1.755133008731585009e-01,1.624285455149982738e-01,1.582331754672700597e-01,1.546524799505870351e-01,1.450279666432277015e-01,1.246119785915175554e-01,1.156325515577104890e-01,1.123303312529458781e-01,1.100836085622556582e-01,1.180907087031566188e-01,1.324367955286840648e-01,1.334448625830643720e-01,1.354809186549920663e-01,1.331928871694098293e-01,1.306036094269856784e-01,1.313247644503090228e-01,1.337627679538120895e-01,1.368203931859003630e-01,1.369251528811948615e-01,1.356351612025011588e-01,1.385616792493843952e-01,1.342191517011381563e-01,1.297951340690543243e-01,1.308019708679702686e-01,1.500267824209097489e-01,1.739540594395263817e-01,1.654647442346685871e-01,1.618370044194268054e-01,1.616896423027855967e-01,1.601683394437566077e-01,1.569950410947627550e-01,1.587013588355701554e-01,1.564719667119431334e-01,1.508068266504326849e-01,-1.000000000000000000e+00
1.752862533083641428e-01,1.849009276443946692e-01,1.858577298139621747e-01,1.816189286873337583e-01,1.829060522172745729e-01,1.774977514963750891e-01,1.702394212085797665e-01,1.784904368526765706e-01,1.978856498744884507e-01,2.074113824427487318e-01,1.931796560248844608e-01,1.848487965798500110e-01,1.850048698318094986e-01,1.923169952018171647e-01,2.008228993267814622e-01,2.086458783259934335e-01,2.095275956409531626e-01,2.128778880063957879e-01,2.211662684021290515e-01,2.292706881913762207e-01,2.250858402350611465e-01,2.391167286231957179e-01,2.526285488855907202e-01,2.665002253026919066e-01,2.757021560075484379e-01,2.706687060107751952e-01,2.703806391055381675e-01,2.655295047490018323e-01,2.514866013333798000e-01,2.302823413157505661e-01,2.086509938695344790e-01,1.773830997036077439e-01,1.587787132065049400e-01,1.567257691444783330e-01,1.569042007881684408e-01,1.485090895781614739e-01,1.264300134826008004e-01,1.153396294637544645e-01,1.100419910045338928e-01,1.044324407104947477e-01,1.108501440186438619e-01,1.305380267859320154e-01,1.372292083265277962e-01,1.344442989794049081e-01,1.301134801353989456e-01,1.316408729909320785e-01,1.337881749946830401e-01,1.364169596720071764e-01,1.382980761574955364e-01,1.385076787303927970e-01,1.376095665304931104e-01,1.396724457833452560e-01,1.336130667524604576e-01,1.252512620423361922e-01,1.266405333919724541e-01,1.434818630480308721e-01,1.601227145664087248e-01,1.597564056232116947e-01,1.575563457902807718e-01,1.569381642798255705e-01,1.526140115183819146e-01,1.426225330455335172e-01,1.428589049512102305e-01,1.423307960849808096e-01,1.428631843554099556e-01,-1.000000000000000000e+00
1.751532432764575098e-01,1.852356982971362365e-01,1.888112241965601568e-01,1.861448722338804318e-01,1.869790846532776440e-01,1.737252738192821555e-01,1.665171011946030843e-01,1.739754429751448894e-01,1.869034007405365738e-01,1.963210181594533255e-01,1.874539409873349494e-01,1.798827893572038095e-01,1.802398950759416529e-01,1.880419475673091034e-01,1.970274715399649712e-01,2.017834762300614038e-01,2.026102856989321355e-01,2.017171415917066446e-01,2.028396972759070327e-01,2.071090953807054880e-01,2.099616667020562932e-01,2.223677889061847213e-01,2.362767534642964129e-01,2.503680943460241948e-01,2.636049474896284828e-01,2.648520686361046095e-01,2.682444692276994558e-01,2.746727248334734361e-01,2.695111156663440588e-01,2.489242383606437015e-01,2.229925220774671701e-01,1.873105345558342960e-01,1.671720450639620215e-01,1.627128960596034568e-01,1.535688595332133921e-01,1.327968530288970439e-01,1.224902046827440749e-01,1.201493169264287175e-01,1.175654352731370922e-01,1.142231053465943280e-01,1.183426454249395243e-01,1.318353348502258604e-01,1.393990615735408722e-01,1.349613847761615693e-01,1.269820087210816462e-01,1.334821065647548433e-01,1.409421665641414356e-01,1.446067741306761301e-01,1.432204181355597739e-01,1.399014969148642817e-01,1.391307989338615991e-01,1.406870364825318909e-01,1.333089134498830486e-01,1.265681018966146321e-01,1.304373166653480520e-01,1.425337419429199004e-01,1.559545736932689552e-01,1.584388361708339299e-01,1.556598257624948189e-01,1.563184336384399187e-01,1.527367389580335522e-01,1.427356922901084901e-01,1.433433103231072092e-01,1.482646623494321414e-01,1.500051775269828913e-01,-1.000000000000000000e+00
1.836632031163590861e-01,1.857305282290766801e-01,1.854094190949954479e-01,1.876554869068105258e-01,1.853174845430837492e-01,1.736916099057923268e-01,1.735488550158697518e-01,1.834735184503113736e-01,1.801174217493716756e-01,1.863946814360729343e-01,1.833555147226038629e-01,1.775714323164674924e-01,1.761713835045184140e-01,1.776020940378293111e-01,1.871971359668955226e-01,1.925734176674895881e-01,1.913128029524951146e-01,1.883694170810396029e-01,1.879097439629383304e-01,1.811749061589620902e-01,1.855221469649568911e-01,1.948007896113559401e-01,2.016488508404714053e-01,2.145990229260753279e-01,2.378399073135792352e-01,2.434028679642473436e-01,2.483397389200124872e-01,2.566970349028530607e-01,2.615810844454469208e-01,2.590632243659317102e-01,2.445218455896497056e-01,2.166940180594178755e-01,1.939018674302814271e-01,1.762384568932877094e-01,1.551070568807924599e-01,1.309304668480771039e-01,1.189300465811498897e-01,1.103608079507702178e-01,1.126095320649007497e-01,1.233662263896003197e-01,1.268893734052638222e-01,1.303776283330089492e-01,1.333555843682667774e-01,1.277011801672938707e-01,1.248599767719002079e-01,1.341900654337060406e-01,1.453180760506600222e-01,1.497554148483392356e-01,1.456339522772571171e-01,1.465546076613228055e-01,1.412500795395679187e-01,1.418475952709770949e-01,1.408628036855241739e-01,1.342125260004388698e-01,1.345574127597032599e-01,1.439100021803431106e-01,1.535181017344194876e-01,1.583336306620514167e-01,1.582532408507507371e-01,1.527815189065049317e-01,1.522388550603122614e-01,1.493188891916251704e-01,1.497512254159849010e-01,1.566284270446583471e-01,1.585524190220594376e-01,-1.000000000000000000e+00
1.936765602983541168e-01,1.891373279232312909e-01,1.825855094861374983e-01,1.844351721338262085e-01,1.857197298686722453e-01,1.806660744440602984e-01,1.801132264725678056e-01,1.876189885541058588e-01,1.844831095150116507e-01,1.888971030991314359e-01,1.838990994013962044e-01,1.772763649165864375e-01,1.759864414767678131e-01,1.709934324287283591e-01,1.774769327416689524e-01,1.766108023580682529e-01,1.712376925937878491e-01,1.750688597310272598e-01,1.844538517577353487e-01,1.683144723442866197e-01,1.659486972101221480e-01,1.731767871847035845e-01,1.802370628414629028e-01,1.884572342181906057e-01,1.973096543126257318e-01,2.066586138890186275e-01,2.164715271427897769e-01,2.234269133249553729e-01,2.380064406913087738e-01,2.555083268493867354e-01,2.498718808098157884e-01,2.301930893668328315e-01,2.148550097741382114e-01,1.882551719150737379e-01,1.625151110797607712e-01,1.443165402107216555e-01,1.318378891967559585e-01,1.181802106645266914e-01,1.169559950424245431e-01,1.226862367557871036e-01,1.238144568566248160e-01,1.245156126160558707e-01,1.267146047067103931e-01,1.257714693839507292e-01,1.279364896475108926e-01,1.327196366731447918e-01,1.408288870181663432e-01,1.459630716795490279e-01,1.423438016626377145e-01,1.467742017650084385e-01,1.379481626416028672e-01,1.340153402012997652e-01,1.349410538419905659e-01,1.324214915879758647e-01,1.339510258074400884e-01,1.456564533061759648e-01,1.528010749559236270e-01,1.506461902319335688e-01,1.495170138321953446e-01,1.383269576202555418e-01,1.412419819557373668e-01,1.443347799239355078e-01,1.465839196102154685e-01,1.560850747685630369e-01,1.624119131525921245e-01,-1.000000000000000000e+00
1.884881556982838935e-01,1.846754126503788451e-01,1.847949137842668232e-01,1.837661852836151855e-01,1.847343074437056698e-01,1.849096206689166411e-01,1.832837470759058618e-01,1.883057669229120101e-01,1.911789079080227494e-01,1.913725152277180042e-01,1.861806214446225238e-01,1.801996701508368215e-01,1.783049992217913549e-01,1.756448347682464106e-01,1.752952877358610329e-01,1.693142602064051649e-01,1.643828592544129275e-01,1.695320996198647345e-01,1.692073424578313945e-01,1.643720302105430853e-01,1.626247679692135462e-01,1.656081196033838965e-01,1.767338381880491638e-01,1.779429780784491100e-01,1.711890740758029994e-01,1.750885753396743405e-01,1.909318402689717253e-01,1.969875938824448836e-01,2.129558422194388345e-01,2.332499114690368691e-01,2.362190526516519673e-01,2.280157430506315475e-01,2.157550598290182975e-01,1.932644304187112194e-01,1.743012584238168572e-01,1.624720547268582449e-01,1.524102122372344714e-01,1.346024409457739768e-01,1.294203091379759196e-01,1.322738115918331014e-01,1.297030008769020082e-01,1.240021111462351888e-01,1.239239098883083562e-01,1.277822459453103465e-01,1.330401907865827738e-01,1.347858075008755152e-01,1.352929813511640766e-01,1.385097157058515493e-01,1.410608099155670758e-01,1.425640891568662749e-01,1.375684811005269959e-01,1.356792995435232019e-01,1.373061381327682351e-01,1.381219443043132933e-01,1.320951265419170739e-01,1.451092532564814963e-01,1.528762284398134108e-01,1.445551403959750847e-01,1.437311749720655840e-01,1.357364689776402455e-01,1.389476186150379045e-01,1.434221156960536758e-01,1.413388787199573171e-01,1.474720762091140391e-01,1.605896550405730983e-01,-1.000000000000000000e+00
1.656774390578324707e-01,1.716544128862586838e-01,1.893197308185628203e-01,1.914431711983818063e-01,1.890393491307858775e-01,1.941156388126185350e-01,1.950416325009464713e-01,1.969535975316756560e-01,1.944601936551979549e-01,1.900005975222337495e-01,1.823578200274713068e-01,1.723662654735138300e-01,1.739097600129864141e-01,1.785169854859105509e-01,1.780970224172776228e-01,1.729034953991726575e-01,1.723461081939228756e-01,1.802956360825594129e-01,1.718529937606219637e-01,1.652015698788899811e-01,1.677442161941735954e-01,1.726481347663466337e-01,1.822397731222515360e-01,1.778569229499082638e-01,1.691706046587530543e-01,1.740362645099842731e-01,1.871436167638131365e-01,1.891693267483262608e-01,1.968748027235405207e-01,2.049560978168647185e-01,2.076222938708097432e-01,2.088103689967334975e-01,2.094880675920421376e-01,2.055750955913478728e-01,1.847363885007516082e-01,1.694012865837684068e-01,1.670611763971987240e-01,1.491982079951168216e-01,1.373667083649554310e-01,1.331713965026729285e-01,1.291411521016373742e-01,1.233291703825813157e-01,1.220776632995343031e-01,1.275284212391727123e-01,1.328677586703253810e-01,1.350216045995253911e-01,1.350195396889588562e-01,1.317041810763532605e-01,1.408324259094766440e-01,1.460382244732746637e-01,1.448542705266666064e-01,1.428164712450120943e-01,1.418539074560652424e-01,1.427664217749668452e-01,1.392793011372308876e-01,1.418480684623206478e-01,1.448022249426877683e-01,1.469906561062616912e-01,1.446033576973301538e-01,1.400022565998702839e-01,1.405703685649865309e-01,1.413034848643910935e-01,1.413274446420277886e-01,1.444009008181384723e-01,1.606208955638157576e-01,-1.000000000000000000e+00
1.500079493700056943e-01,1.628947098996385290e-01,1.906328979115561872e-01,1.949225721253625698e-01,1.846923658599244344e-01,1.830368413661283278e-01,1.779184919287281064e-01,1.804442142782764769e-01,1.842177165012406082e-01,1.822713167976171833e-01,1.768669472671243192e-01,1.695926029684867997e-01,1.715973466816549664e-01,1.756182208347072948e-01,1.783721037252425645e-01,1.810258620128830931e-01,1.844701737798813967e-01,1.945921916116330752e-01,1.832565685554690682e-01,1.680966835304148754e-01,1.676650539267673934e-01,1.713960936357975806e-01,1.782510118743219074e-01,1.754392196914502933e-01,1.735183053702313294e-01,1.787441004220494678e-01,1.822280533025797677e-01,1.797585322535920627e-01,1.838116861008395331e-01,1.878807323970920484e-01,1.825797309789004841e-01,1.831637526346634737e-01,1.929556632303506269e-01,1.996500421054394625e-01,1.918339381202019411e-01,1.833506180464628266e-01,1.763449871112897360e-01,1.566725566798587710e-01,1.405088803339815395e-01,1.346432272948381303e-01,1.318542582498540006e-01,1.258635550441947193e-01,1.145041062109413976e-01,1.172492328875293366e-01,1.256210365437408771e-01,1.309085327552828026e-01,1.336191943189188602e-01,1.323009590735158558e-01,1.386695585015528531e-01,1.423743190713103457e-01,1.426175505821947465e-01,1.401542986732305651e-01,1.436812161531889342e-01,1.425085591429277876e-01,1.374141441029466670e-01,1.347220323002104314e-01,1.396706912412361556e-01,1.507711340787502852e-01,1.479254504879845555e-01,1.456673773689746987e-01,1.482737030257840483e-01,1.485672164563998643e-01,1.502044828827532319e-01,1.563608352943686164e-01,1.682192801121250858e-01,-1.000000000000000000e+00
1.515981463981604382e-01,1.599079021458191252e-01,1.765485810294604163e-01,1.825052511044370496e-01,1.752182500773493690e-01,1.708510258442650087e-01,1.707654651520063294e-01,1.720041224535206470e-01,1.652553502195952817e-01,1.591743312827393897e-01,1.684397118654364922e-01,1.675077581825203943e-01,1.634769757907665044e-01,1.636897594258777400e-01,1.672697205765414363e-01,1.717562796972361416e-01,1.773788042437294821e-01,1.931879680386845155e-01,1.930858114877788412e-01,1.771775291669383801e-01,1.753961966118700588e-01,1.695287161910562501e-01,1.617945847478233778e-01,1.594818354329106957e-01,1.674412981528276556e-01,1.732691918815238430e-01,1.742290739459569082e-01,1.714784407782904696e-01,1.734803902182902868e-01,1.760733787651454774e-01,1.694679619589769259e-01,1.680283007917963978e-01,1.739567865343326913e-01,1.796141733005459373e-01,1.818195826002670379e-01,1.889905584165367802e-01,1.765193124167490635e-01,1.564744818335316590e-01,1.458515312364370431e-01,1.439198837065125969e-01,1.407799604479034183e-01,1.330906413264142385e-01,1.247529867987714480e-01,1.273710935891890494e-01,1.335096000347789913e-01,1.333580647874265113e-01,1.317386137545974445e-01,1.391440086926685749e-01,1.416132827334119493e-01,1.410759797257377102e-01,1.456842310062755053e-01,1.405016955451263427e-01,1.451658171319211710e-01,1.419644401149735835e-01,1.332522896654060041e-01,1.315725145028353860e-01,1.376191983429581600e-01,1.484590820483896179e-01,1.543368885796879142e-01,1.571312074321286334e-01,1.597127327151553478e-01,1.660492621345983633e-01,1.670820873202341350e-01,1.741061625301593141e-01,1.793041126869001356e-01,-1.000000000000000000e+00
1.560535848900506950e-01,1.630175167661042646e-01,1.712181112013765050e-01,1.714293508168297786e-01,1.660444585988465338e-01,1.637567384350547828e-01,1.658739954396295790e-01,1.642497588982768930e-01,1.592256657189417834e-01,1.597722574276231322e-01,1.653516630837189305e-01,1.565601469974546855e-01,1.502301430969608109e-01,1.538904500208713166e-01,1.591706525943389350e-01,1.680869852215672033e-01,1.761635235494840857e-01,1.911912591427219477e-01,1.991739814949513299e-01,1.846068961970439570e-01,1.802240891867555594e-01,1.675563464788358825e-01,1.531960505365525527e-01,1.446432214228754731e-01,1.486833644724089021e-01,1.631571595206069980e-01,1.672099018459994035e-01,1.672745850511666299e-01,1.705378358492002089e-01,1.662750164716740031e-01,1.575593144441174986e-01,1.606915339366130901e-01,1.655815297344615245e-01,1.640440715481114586e-01,1.648770124750112143e-01,1.803726493753423921e-01,1.744534227811761762e-01,1.618291459842625402e-01,1.540759617314793606e-01,1.524990639303926143e-01,1.530455479615080161e-01,1.454827709008946757e-01,1.432950152983337999e-01,1.453960912122397309e-01,1.483829877201149894e-01,1.536258803408361295e-01,1.532570970507579344e-01,1.550052924429873580e-01,1.498819620244478401e-01,1.413811954049548902e-01,1.429849352717132982e-01,1.373326699146529273e-01,1.421022959609788694e-01,1.421396581619822908e-01,1.361794590490770784e-01,1.411132525780885716e-01,1.432274706793462693e-01,1.434024937508152908e-01,1.490856649967354230e-01,1.590433141161468611e-01,1.626840477560968501e-01,1.828496545506330395e-01,1.899950891713115542e-01,1.961935666769895059e-01,1.999075024339705964e-01,-1.000000000000000000e+00
1.548648601850976525e-01,1.606120507454630586e-01,1.671927363677155054e-01,1.661137230775605877e-01,1.593649494778641151e-01,1.558534184794504729e-01,1.545183745833843825e-01,1.537499878957661603e-01,1.516063470039354100e-01,1.517623288697653450e-01,1.597553810485804748e-01,1.577293164211075183e-01,1.522838086897331522e-01,1.562712832318194633e-01,1.600699039596216455e-01,1.654726529499353505e-01,1.692671945002969247e-01,1.772790797690708131e-01,1.827644388248050034e-01,1.720664719160146516e-01,1.704397535826831511e-01,1.637176594881734060e-01,1.535330581113595882e-01,1.486003463250946399e-01,1.532671111939622466e-01,1.648046983864248083e-01,1.662703675218672184e-01,1.681082738847426150e-01,1.751551850060454885e-01,1.652145701897906882e-01,1.583541569528088833e-01,1.581707093651707752e-01,1.632354032960147416e-01,1.657037949351835571e-01,1.620501329983862482e-01,1.686176905047812591e-01,1.688033976424836435e-01,1.627731562306223567e-01,1.611209376564355089e-01,1.641903447749460676e-01,1.632190572459925049e-01,1.603575152010855154e-01,1.626730058449498972e-01,1.647036041337054113e-01,1.636820236932940709e-01,1.685617563890273174e-01,1.702456578477989368e-01,1.659611991893422678e-01,1.558786858438687140e-01,1.459948961369205711e-01,1.417988638892007658e-01,1.418533048557941156e-01,1.484865347610112019e-01,1.479622515445085107e-01,1.440937295869862134e-01,1.551789664001433366e-01,1.530488255681236864e-01,1.458741034478130971e-01,1.496593604734276217e-01,1.631191033007392543e-01,1.784628695719838176e-01,2.039968050761298557e-01,2.187120153288625302e-01,2.249974545253886349e-01,2.279440309513433849e-01,-1.000000000000000000e+00
1.471721447188142351e-01,1.534181564870369108e-01,1.579896219550753489e-01,1.588674926601371384e-01,1.536365307065752916e-01,1.501641077156727067e-01,1.505209913698366819e-01,1.498672127165218970e-01,1.427421397828645133e-01,1.395833846527848587e-01,1.458316118158560770e-01,1.478620840642891066e-01,1.493421480557444447e-01,1.598268746604658286e-01,1.675798631568419239e-01,1.640522598112569008e-01,1.602786104718359472e-01,1.658673106328268920e-01,1.743171121307125482e-01,1.733866665696777720e-01,1.699428368659918198e-01,1.629199024174203259e-01,1.568857405235467850e-01,1.574969492045188157e-01,1.601170210582699427e-01,1.639538685475215585e-01,1.652884084389760755e-01,1.714512138205744607e-01,1.802301185587847909e-01,1.720945871306356623e-01,1.704932385592856647e-01,1.686382798755612089e-01,1.705648254259449215e-01,1.833721974730604942e-01,1.800191320421404562e-01,1.738464223040461776e-01,1.678849079391313837e-01,1.630315587004999844e-01,1.623665950247466516e-01,1.639930424055998925e-01,1.675354483630589475e-01,1.735332702660049575e-01,1.800877309422414807e-01,1.833414877815089383e-01,1.770169072130803045e-01,1.791444813495858268e-01,1.828470420697402843e-01,1.787092944730681865e-01,1.701605647012318367e-01,1.595232577527037621e-01,1.519931392940014614e-01,1.528163602051506031e-01,1.549335427762270345e-01,1.477641486111223867e-01,1.374324463660895335e-01,1.443824178585575990e-01,1.490459880711965390e-01,1.514979400581961677e-01,1.578591861479675673e-01,1.691335856261292070e-01,1.978591310672073444e-01,2.246151654278396304e-01,2.439788470338594140e-01,2.599361137901214924e-01,2.546143362566909985e-01,-1.000000000000000000e+00
1.500752392653039446e-01,1.485842596128472692e-01,1.428558702083654042e-01,1.448708467800842725e-01,1.454123814293387662e-01,1.433464120685980225e-01,1.390327091478518184e-01,1.346660832415384201e-01,1.321074895396453230e-01,1.322141384479373905e-01,1.349066988930277822e-01,1.399641471112766655e-01,1.511883401462635612e-01,1.546660710057679300e-01,1.586144681844426640e-01,1.571859133481193771e-01,1.536511840684145480e-01,1.587125509794319045e-01,1.640788605737328321e-01,1.629631959576433864e-01,1.604425532214574235e-01,1.582872058206242771e-01,1.555067185971572563e-01,1.597468316835202740e-01,1.619869300435242132e-01,1.612901821991905849e-01,1.608942024200596399e-01,1.696757486915368707e-01,1.805855540686245597e-01,1.787508089383526844e-01,1.820632446429547857e-01,1.827257737959997463e-01,1.772342773367379942e-01,1.844519374054072181e-01,1.812527780625727558e-01,1.775895055677343959e-01,1.751307933619840884e-01,1.698989171379934604e-01,1.628484180742181819e-01,1.626371942709693708e-01,1.774637846496331106e-01,1.937956683488926690e-01,1.967817814848205893e-01,2.040541292630119186e-01,1.893936580392417135e-01,1.873109613376868487e-01,1.916525295313689647e-01,1.878715347912075229e-01,1.870424747781535557e-01,1.852140823744369280e-01,1.804972137783893427e-01,1.720927569802191970e-01,1.589427689383783870e-01,1.495168763307613280e-01,1.429390140776927720e-01,1.423196635543315658e-01,1.438493193970743766e-01,1.517975763645807996e-01,1.586497110556932821e-01,1.758007675990663765e-01,2.081969310402374818e-01,2.336545096924734499e-01,2.537478635070055666e-01,2.731737246240652506e-01,2.709171109494294405e-01,-1.000000000000000000e+00
1.461649617175129479e-01,1.396196234589810459e-01,1.309494784214178531e-01,1.325675859013140112e-01,1.376182330937746889e-01,1.391796353714296330e-01,1.325768495392624369e-01,1.308105301536018894e-01,1.300925407685347701e-01,1.307893633055104976e-01,1.340466879676426304e-01,1.394952041286690037e-01,1.519265425111353540e-01,1.506907722688352325e-01,1.534268658336691848e-01,1.561686657300767334e-01,1.547986395859859143e-01,1.586106142396711549e-01,1.530009094307504813e-01,1.454038301896307950e-01,1.479480630138929054e-01,1.547429846782295837e-01,1.564353989017766566e-01,1.635288574833026198e-01,1.645320031701952290e-01,1.600868642337167636e-01,1.584638584251777393e-01,1.681879499393304500e-01,1.771958926395769129e-01,1.780013799855642842e-01,1.785780388289424370e-01,1.821727214012554552e-01,1.800464392279086390e-01,1.788112392782173488e-01,1.771775291669383801e-01,1.751312462908940493e-01,1.732468948617138793e-01,1.729636392844822734e-01,1.670098593626157257e-01,1.647349431618847782e-01,1.795849245476120737e-01,1.973080813746206919e-01,1.987639870727840596e-01,1.999830198903281564e-01,1.937991360082406134e-01,1.937030809407437326e-01,1.972753059451285984e-01,1.960480856102945479e-01,2.035164298210329903e-01,2.037008070950778738e-01,1.985588693108264191e-01,1.893162477860657888e-01,1.633612260381182291e-01,1.530672517604749205e-01,1.487822587223784632e-01,1.445145089636019620e-01,1.429917590091486224e-01,1.473630780395583095e-01,1.672448027518211588e-01,1.911849290703454274e-01,2.133641384523454476e-01,2.375879660903821855e-01,2.629551509123630448e-01,2.790149500226778434e-01,2.799200918505284075e-01,-1.000000000000000000e+00
1.432764906767862167e-01,1.256520943861773876e-01,1.244554998030775878e-01,1.266150199284705458e-01,1.300786760246511464e-01,1.391323948686123135e-01,1.351694779824534898e-01,1.341111435969127019e-01,1.328400654679021964e-01,1.313738947251927303e-01,1.330937048524480082e-01,1.420100224636264286e-01,1.460245741180213885e-01,1.448729856918842818e-01,1.482728503279169829e-01,1.512228793437253027e-01,1.531504903054715927e-01,1.577049463668019347e-01,1.457052839968313307e-01,1.336513701060385306e-01,1.416401483663990157e-01,1.539585397189677518e-01,1.573586468271687966e-01,1.602955651685393224e-01,1.613039900729860421e-01,1.599175654949621661e-01,1.599754742878114200e-01,1.705288392952612198e-01,1.755148067474527895e-01,1.733938911535380101e-01,1.733051655934157165e-01,1.793924618732699039e-01,1.798545360314896258e-01,1.774889933889613469e-01,1.754985938217562547e-01,1.733779100572706566e-01,1.701947609372675974e-01,1.654469015575439628e-01,1.611399903479303064e-01,1.586580211830465048e-01,1.654186221528625989e-01,1.781605386808567670e-01,1.855828575384779189e-01,1.874388223943685428e-01,1.879032092704546186e-01,1.898431903757369643e-01,1.953943894729780195e-01,1.995517886150139919e-01,2.073844069131155488e-01,2.061190473420660974e-01,2.008562796090237190e-01,1.986995849722494600e-01,1.789125588782462251e-01,1.583873218785818993e-01,1.445896956705108871e-01,1.473667440100318859e-01,1.579137359272765329e-01,1.626050756368592198e-01,1.908620248256248653e-01,2.073048581317532280e-01,2.174860866062553744e-01,2.477011031841054589e-01,2.726171023891374445e-01,2.821902278154984067e-01,2.862733706253317023e-01,-1.000000000000000000e+00
1.495729127363457367e-01,1.323393327423614541e-01,1.337502201733454521e-01,1.376516915377891948e-01,1.391893144726203679e-01,1.452773827905537440e-01,1.434812016591801853e-01,1.422458075999779026e-01,1.409201732269649843e-01,1.354041654052709209e-01,1.383555579262736313e-01,1.482333266540350747e-01,1.412761771654713061e-01,1.365139151242812376e-01,1.438401373784365389e-01,1.532299672123970113e-01,1.570634927265431857e-01,1.532262235954265084e-01,1.438678060969680317e-01,1.396489701209024659e-01,1.446731335572584154e-01,1.519569955071610468e-01,1.542428631427900099e-01,1.530093478189895884e-01,1.517160503062089383e-01,1.577794378067745307e-01,1.645041729298670763e-01,1.743276862841769970e-01,1.731544658550174809e-01,1.659962656759701727e-01,1.649944248530045288e-01,1.706059313780961817e-01,1.720609093767931086e-01,1.709276803930770972e-01,1.714979128997444202e-01,1.703009138869701344e-01,1.661343134560730461e-01,1.594188201362207458e-01,1.567648703472660221e-01,1.542659708534189766e-01,1.549692340525536671e-01,1.595946029517645581e-01,1.670479564008449935e-01,1.727306794904787113e-01,1.756673497820894492e-01,1.778509003894669371e-01,1.783536420105826803e-01,1.751162748429953564e-01,1.802701265112056361e-01,1.864343009993244815e-01,1.872863065347808442e-01,1.939046472188127868e-01,1.851508992058002179e-01,1.703883392018523402e-01,1.614982549049733818e-01,1.643013404988499793e-01,1.770753061693617625e-01,1.806368665717813793e-01,2.004222855169137951e-01,2.164810124514128242e-01,2.242837994193872531e-01,2.433621179694583081e-01,2.701823405218807816e-01,2.884958444887670836e-01,2.995567313715817304e-01,-1.000000000000000000e+00
1.588700895894505360e-01,1.528391725113975030e-01,1.495699124453961637e-01,1.466897727794864714e-01,1.465456643264773651e-01,1.440137654397746214e-01,1.451568854066620506e-01,1.526151003718939636e-01,1.519431598906543224e-01,1.398434508937897724e-01,1.399884688159019619e-01,1.472361625565357657e-01,1.436414685695252824e-01,1.368992547300529050e-01,1.398321438473658085e-01,1.571670141755009964e-01,1.622626123803444231e-01,1.569860821012800944e-01,1.459892648684005534e-01,1.428749859133582878e-01,1.440604665727881206e-01,1.449722446623106786e-01,1.494537273994630822e-01,1.495500211916633848e-01,1.436066458406813073e-01,1.533388366809387005e-01,1.626858200531797749e-01,1.651410119141866195e-01,1.607434886313634792e-01,1.564535509687150217e-01,1.556269095264155855e-01,1.610152706175176085e-01,1.644899930745190308e-01,1.623341672688352610e-01,1.595051025725477134e-01,1.580482375493178493e-01,1.568907087648212795e-01,1.532213193852093314e-01,1.503865104778728812e-01,1.428061311786508192e-01,1.348244281409508027e-01,1.428246591254008213e-01,1.540050188318813629e-01,1.594831203420830623e-01,1.639339484581641970e-01,1.723210203329624823e-01,1.739714772564154854e-01,1.716285333590610307e-01,1.752234485393638352e-01,1.766498320132762756e-01,1.709298051405488406e-01,1.820932880399437903e-01,1.805893614667806735e-01,1.708688922154060763e-01,1.669297346366152290e-01,1.707853614338868120e-01,1.803434843239739016e-01,1.823580218357642446e-01,1.931482068711927735e-01,2.108761105354481358e-01,2.246717860558599955e-01,2.317740773382499508e-01,2.572263520544119109e-01,2.950619427789539229e-01,3.147288140161687564e-01,-1.000000000000000000e+00
1.602926547243773148e-01,1.624964314461107007e-01,1.614045861759560163e-01,1.549949030499903624e-01,1.553286530602748239e-01,1.541824963236767820e-01,1.559231673217130743e-01,1.549101262677886892e-01,1.480572680744521863e-01,1.445247490143657665e-01,1.433379062527646575e-01,1.455647507557920051e-01,1.451825531273031877e-01,1.407600897383058103e-01,1.288220748492703294e-01,1.399896347229381277e-01,1.570303261930897920e-01,1.608472067067550360e-01,1.476341894332443838e-01,1.417147083512344530e-01,1.401322114501769855e-01,1.442653237004361821e-01,1.548235969663414591e-01,1.545024756420408929e-01,1.391014032280375456e-01,1.465648073329253176e-01,1.598731603637647269e-01,1.626557059839641717e-01,1.550372015832441053e-01,1.486928391187789522e-01,1.465561121323963045e-01,1.503976096889947933e-01,1.528353522488226091e-01,1.500993861769572280e-01,1.530306902066338459e-01,1.608599380940562984e-01,1.522137221058377787e-01,1.438702811303878559e-01,1.429122871725726773e-01,1.361139607884840341e-01,1.276566169614761770e-01,1.338708114384651593e-01,1.385221067728827360e-01,1.437910255676744797e-01,1.572803465803122025e-01,1.721615838439603252e-01,1.735406937592322285e-01,1.647317736043909242e-01,1.571166127731687956e-01,1.611778778608647100e-01,1.623474971013796897e-01,1.729010531123895966e-01,1.762158474085580018e-01,1.687641336417499138e-01,1.680721193448382333e-01,1.720462472735223847e-01,1.778980752240534868e-01,1.832505791034948484e-01,1.918860291537560769e-01,2.043324259524971487e-01,2.228434395224198061e-01,2.337632369818481437e-01,2.622035938808536804e-01,2.956932055595725695e-01,2.997421888587258887e-01,-1.000000000000000000e+00
1.702537967387052209e-01,1.707237860753778314e-01,1.667267518436501561e-01,1.684319165694576903e-01,1.653666091391215176e-01,1.631093112754926355e-01,1.612334263266123890e-01,1.558877223001774726e-01,1.486178469715494221e-01,1.557865679375598778e-01,1.557761148275521035e-01,1.494675050582154885e-01,1.464574503067084810e-01,1.453761310614336832e-01,1.325451602203558121e-01,1.435579029916292659e-01,1.580989664740405087e-01,1.562865837211570574e-01,1.469825475707427775e-01,1.430071827089080816e-01,1.467800954258749180e-01,1.552032556983874156e-01,1.638544137840246828e-01,1.578717433396982783e-01,1.375645113611859149e-01,1.427731587940179458e-01,1.577054294928597333e-01,1.591319521595044861e-01,1.496669970965492646e-01,1.389973069919576421e-01,1.337138190721224862e-01,1.367458902916768582e-01,1.401345375646079749e-01,1.413826786039093508e-01,1.426939956302329393e-01,1.446100149575829663e-01,1.362033103258244449e-01,1.322319215730799469e-01,1.348692127336413304e-01,1.333465915160687854e-01,1.281193871630076364e-01,1.310154915561184963e-01,1.352782266529067301e-01,1.404790167512037502e-01,1.503085901953638559e-01,1.593859977597440469e-01,1.630749182201102487e-01,1.568058294047478263e-01,1.485705195745925244e-01,1.541089140939954361e-01,1.613926598433753912e-01,1.805142557529495484e-01,1.891192673169010685e-01,1.753405244568939925e-01,1.715550393631258830e-01,1.697453495465516549e-01,1.708924523422529207e-01,1.773553668707161246e-01,1.900602786961816670e-01,2.026546556808272725e-01,2.237748391338302834e-01,2.506980199025951039e-01,2.760064498383031362e-01,2.840830134499008341e-01,2.779969274486082109e-01,-1.000000000000000000e+00
1.735816608207217948e-01,1.720153819498975722e-01,1.790395969887961236e-01,1.815988437928056365e-01,1.738290076197785694e-01,1.641786069079054222e-01,1.571222707569150390e-01,1.549676837887713765e-01,1.544767592496575359e-01,1.630572748349288781e-01,1.623073901150345055e-01,1.540338342536725080e-01,1.493663092605803377e-01,1.479518504577571891e-01,1.371393048526851899e-01,1.430514559353860404e-01,1.521257894526003851e-01,1.428571243849866557e-01,1.466852284702334641e-01,1.516492862182954038e-01,1.584265782984614068e-01,1.655046214779168634e-01,1.732669096688488064e-01,1.688848277724376845e-01,1.549348776241144532e-01,1.548804273488259275e-01,1.584719117543004208e-01,1.515792873541865204e-01,1.423564613781125032e-01,1.335304795703732283e-01,1.269636037779520998e-01,1.295838181740633643e-01,1.364094275720319493e-01,1.422393810471435649e-01,1.342471030446890090e-01,1.315310322788586228e-01,1.276216334923551410e-01,1.204030825013345102e-01,1.113127604321253183e-01,1.181637814956210675e-01,1.239374928526341679e-01,1.309673755017489449e-01,1.426564158763767853e-01,1.459893655547080671e-01,1.394208874141454613e-01,1.331096258278677280e-01,1.402239998466144610e-01,1.489891183377796413e-01,1.476395726041066780e-01,1.481975461201091859e-01,1.565681419024136933e-01,1.730642703870798327e-01,1.848563656638290142e-01,1.833557367964784579e-01,1.741618805010989590e-01,1.664767465128612067e-01,1.680753416296601743e-01,1.754664048728796499e-01,1.902282938016305325e-01,2.016543593747072149e-01,2.294733100304157114e-01,2.672537622591701356e-01,2.907148164211458830e-01,2.848165346557151034e-01,2.737988477220457129e-01,-1.000000000000000000e+00
1.656407805023131785e-01,1.632774752537543284e-01,1.801239652436888716e-01,1.882078216325377973e-01,1.822813475830585561e-01,1.666711460243046061e-01,1.521876040136014296e-01,1.547381163128844772e-01,1.580488460008839247e-01,1.642959848629231834e-01,1.649938200072765537e-01,1.546850029173561236e-01,1.471374098600224944e-01,1.500807426296782709e-01,1.440879060168471226e-01,1.449460711981661598e-01,1.502278099959682423e-01,1.457349009958375241e-01,1.553695295685998123e-01,1.630196138331021782e-01,1.664227004603229809e-01,1.713152722756568491e-01,1.794753997566750081e-01,1.685398557192922531e-01,1.608971606482057226e-01,1.625354951916322677e-01,1.562788506213474982e-01,1.451913579130529597e-01,1.408853743663190383e-01,1.371029408913349845e-01,1.296714496904193270e-01,1.313552234991689494e-01,1.337656129200951172e-01,1.304816001769916189e-01,1.271948875041812033e-01,1.290253033521751580e-01,1.274227936951212725e-01,1.192162147918040260e-01,1.079773942714734730e-01,1.200905690363053141e-01,1.281263706543583347e-01,1.317475228881865856e-01,1.481235168580237738e-01,1.453296023238337953e-01,1.328859317784088501e-01,1.297993420950647181e-01,1.399795887939756789e-01,1.445925864193104149e-01,1.398567020422095686e-01,1.405660214847743172e-01,1.516835165039594480e-01,1.656513022125897516e-01,1.650346550714655303e-01,1.644327205754114174e-01,1.549721571719690771e-01,1.578931814344373130e-01,1.703756344996728844e-01,1.819055667438864154e-01,2.004563601078101776e-01,2.160302023447976949e-01,2.422749358650751750e-01,2.779632315933198705e-01,3.042880187584632856e-01,3.043301468702691026e-01,2.905502827316774894e-01,-1.000000000000000000e+00
-1.000000000000000000e+00,-1.000000000000000000e+00,-1.000000000000000000e+00,-1.000000000000000000e+00,-1.000000000000000000e+00,-1.000000000000000000e+00,-1.000000000000000000e+00,-1.000000000000000000e+00,1.574156796804596914e-01,1.584719117543004208e-01,1.610903770666394785e-01,1.543378475069824562e-01,1.477363538330279391e-01,1.531142423625166116e-01,1.576937673408930485e-01,1.536576815638397986e-01,1.479542999793709568e-01,1.508596157867424792e-01,1.609534530157263610e-01,1.681291162821603458e-01,1.760375504022737847e-01,1.798800655900598400e-01,1.785717383962125704e-01,1.656530458780834381e-01,1.623296338910058534e-01,1.627220859949802256e-01,1.557127297789485665e-01,1.554806653625752100e-01,1.582100587760235655e-01,1.489197345703954234e-01,1.359899118768816695e-01,1.394715125745531747e-01,1.321742201994737242e-01,1.223681073433090793e-01,1.219695208860655800e-01,1.270674804565004867e-01,1.278542268283109906e-01,1.239333918286606578e-01,1.147538576883345568e-01,1.212620953858682127e-01,1.284095296468140412e-01,1.267276518385035411e-01,1.359772498002701779e-01,1.312356563259653719e-01,1.315730326542725870e-01,1.384181545880433517e-01,1.424984126030628961e-01,1.486678832174953557e-01,1.447267702940854550e-01,1.422504519001585310e-01,1.525189251626384856e-01,1.677464026788401119e-01,1.583960239473223841e-01,1.594495991364723864e-01,1.546177622482282632e-01,1.525830262479537791e-01,1.645917725239197382e-01,1.931041291755494771e-01,2.165996043796590553e-01,2.398369522432029499e-01,2.635513885927973088e-01,2.857099707925526144e-01,3.058622691675019767e-01,3.032314642740647215e-01,3.008285944345850949e-01,-1.000000000000000000e+00
-1.000000000000000000e+00,-1.000000000000000000e+00,-1.000000000000000000e+00,-1.000000000000000000e+00,-1.000000000000000000e+00,-1.000000000000000000e+00,-1.000000000000000000e+00,-1.000000000000000000e+00,-1.000000000000000000e+00,-1.000000000000000000e+00,-1.000000000000000000e+00,-1.000000000000000000e+00,-1.000000000000000000e+00,-1.000000000000000000e+00,-1.000000000000000000e+00,-1.000000000000000000e+00,-1.000000000000000000e+00,-1.000000000000000000e+00,-1.000000000000000000e+00,-1.000000000000000000e+00,-1.000000000000000000e+00,-1.000000000000000000e+00,-1.000000000000000000e+00,-1.000000000000000000e+00,-1.000000000000000000e+00,-1.000000000000000000e+00,-1.000000000000000000e+00,-1.000000000000000000e+00,-1.000000000000000000e+00,-1.000000000000000000e+00,-1.000000000000000000e+00,-1.000000000000000000e+00,-1.000000000000000000e+00,-1.000000000000000000e+00,-1.000000000000000000e+00,-1.000000000000000000e+00,-1.000000000000000000e+00,-1.000000000000000000e+00,-1.000000000000000000e+00,-1.000000000000000000e+00,-1.000000000000000000e+00,-1.000000000000000000e+00,-1.000000000000000000e+00,-1.000000000000000000e+00,-1.000000000000000000e+00,1.448427153065388606e-01,1.418260494938511640e-01,1.470462615714206722e-01,1.464399209524305245e-01,1.511452620676532743e-01,1.648727191787671131e-01,1.732243176595953948e-01,1.654868953717944513e-01,1.646897535013749081e-01,1.634855080796411286e-01,1.639857747895398232e-01,1.785562646460277791e-01,1.972811404226012255e-01,2.224805583679813903e-01,2.549086286143828484e-01,2.797344122887869267e-01,2.924631424343718811e-01,3.080828625833894052e-01,3.072748882648253521e-01,3.014658185642817845e-01,-1.000000000000000000e+00
